<?xml version="1.0" encoding="UTF-8" standalone="no"?><TaskList Version="2.0"><Task Active="false" ConnectorKind="local" CreationDate="2015-05-22 20:37:03.272 +0200" DueDate="" EndDate="" Estimated="0" Handle="local-1" IssueURL="" Kind="task" Label="Add specific file names for .conf and .owl files. " LastModified="now" MarkReadPending="false" ModificationDate="" Notes="*zufällig generiertes Verzeichnis pro User&#13;&#10;&#9;- Datei Namen aus .conf auslesen (KB File stuff)" NotifiedIncoming="true" Owner="local" Priority="P3" Reminded="false" RepositoryUrl="local" ScheduledEndDate="2015-05-24 23:59:59.999 +0200" ScheduledStartDate="2015-05-18 00:00:00.0 +0200" Stale="false" TaskId="1" offlineSyncState="SYNCHRONIZED"/><Task Active="false" ConnectorKind="local" CreationDate="2015-05-22 20:39:15.925 +0200" DueDate="" EndDate="" Estimated="0" Handle="local-2" IssueURL="" Kind="task" Label="Nice Layout" LastModified="now" MarkReadPending="false" ModificationDate="" Notes="" NotifiedIncoming="true" Owner="local" Priority="P3" Reminded="false" RepositoryUrl="local" ScheduledEndDate="2015-05-24 23:59:59.999 +0200" ScheduledStartDate="2015-05-18 00:00:00.0 +0200" Stale="false" TaskId="2" offlineSyncState="SYNCHRONIZED"/><TaskCategory Handle="handle-2" Name="FrontEnd"><TaskReference Handle="local-2"/></TaskCategory><TaskCategory Handle="handle-1" Name="FileHandling"><TaskReference Handle="local-1"/></TaskCategory><TaskCategory Handle="Uncategorized" Name="Uncategorized"/></TaskList>